Zone,Term,Plan Type,Age Band,Sum Insured,Premium
B,3,1A,15,750000.00,29712.00
B,3,1A,16,750000.00,36519.00
B,3,1A,17,750000.00,43326.00
B,3,1A,18-33,750000.00,50889.00
B,3,1A,34,750000.00,53495.00
B,3,1A,35,750000.00,56100.00
B,3,1A,36-43,750000.00,58955.00
B,3,1A,44,750000.00,62679.00
B,3,1A,45,750000.00,66363.00
B,3,1A,46-48,750000.00,70457.00
B,3,1A,49,750000.00,77723.00
B,3,1A,50,750000.00,84990.00
B,3,1A,51-53,750000.00,93064.00
B,3,1A,54,750000.00,101564.00
B,3,1A,55,750000.00,110065.00
B,3,1A,56-58,750000.00,119510.00
B,3,1A,59,750000.00,128719.00
B,3,1A,60,750000.00,137928.00
B,3,1A,61-63,750000.00,148160.00
B,3,1A,64,750000.00,157369.00
B,3,1A,65,750000.00,166578.00
B,3,1A,66-68,750000.00,176811.00
B,3,1A,69,750000.00,183441.00
B,3,1A,70,750000.00,190072.00
B,3,1A,71-73,750000.00,197196.00
B,3,1A,74,750000.00,203827.00
B,3,1A,75,750000.00,209816.00
B,3,1A,76-78,750000.00,216392.00
B,3,1A,79,750000.00,222308.00
B,3,1A,80,750000.00,227583.00
B,3,1A,Above 80,750000.00,233634.00
C,3,1A,15,750000.00,26477.00
C,3,1A,16,750000.00,32964.00
C,3,1A,17,750000.00,39452.00
C,3,1A,18-33,750000.00,46660.00
C,3,1A,34,750000.00,48925.00
C,3,1A,35,750000.00,51191.00
C,3,1A,36-43,750000.00,53709.00
C,3,1A,44,750000.00,56528.00
C,3,1A,45,750000.00,59547.00
C,3,1A,46-48,750000.00,62791.00
C,3,1A,49,750000.00,68826.00
C,3,1A,50,750000.00,74860.00
C,3,1A,51-53,750000.00,81565.00
C,3,1A,54,750000.00,88957.00
C,3,1A,55,750000.00,96349.00
C,3,1A,56-58,750000.00,104562.00
C,3,1A,59,750000.00,112570.00
C,3,1A,60,750000.00,120578.00
C,3,1A,61-63,750000.00,129475.00
C,3,1A,64,750000.00,137483.00
C,3,1A,65,750000.00,145491.00
C,3,1A,66-68,750000.00,154389.00
C,3,1A,69,750000.00,160154.00
C,3,1A,70,750000.00,165920.00
C,3,1A,71-73,750000.00,172726.00
C,3,1A,74,750000.00,177707.00
C,3,1A,75,750000.00,183089.00
C,3,1A,76-78,750000.00,189068.00
C,3,1A,79,750000.00,193803.00
C,3,1A,80,750000.00,198539.00
C,3,1A,Above 80,750000.00,203081.00
A,2 Year,1A,91days-16yrs,20000000.00,25640.00
A,2 Year,1A,17,20000000.00,32840.00
A,2 Year,1A,18-34,20000000.00,45455.00
A,2 Year,1A,35,20000000.00,48605.00
A,2 Year,1A,34-44,20000000.00,51372.00
A,2 Year,1A,45,20000000.00,58051.00
A,2 Year,1A,46-49,20000000.00,63541.00
A,2 Year,1A,50,20000000.00,73396.00
A,2 Year,1A,51-54,20000000.00,83833.00
A,2 Year,1A,55,20000000.00,94868.00
A,2 Year,1A,56-59,20000000.00,109223.00
A,2 Year,1A,60,20000000.00,123865.00
A,2 Year,1A,61-64,20000000.00,136664.00
A,2 Year,1A,65,20000000.00,149366.00
A,2 Year,1A,66-69,20000000.00,163631.00
A,2 Year,1A,70,20000000.00,171422.00
A,2 Year,1A,71-74,20000000.00,182773.00
A,2 Year,1A,75,20000000.00,187795.00
A,2 Year,1A,76-79,20000000.00,199862.00
A,2 Year,1A,80,20000000.00,208442.00
A,2 Year,1A,Above 80,20000000.00,215433.00
A,1Year,1A,91days-17yrs,20000000.00,13886.00
A,1Year,1A,18-35,20000000.00,23971.00
A,1Year,1A,36-45,20000000.00,27682.00
A,1Year,1A,46-50,20000000.00,34363.00
A,1Year,1A,51-55,20000000.00,45867.00
A,1Year,1A,56-60,20000000.00,57701.00
A,1Year,1A,61-65,20000000.00,72726.00
A,1Year,1A,66-70,20000000.00,85640.00
A,1Year,1A,71-75,20000000.00,105000.00
A,1Year,1A,76-80,20000000.00,105719.00
A,1Year,1A,Above 80,20000000.00,113386.00
B,3,1A,15,20000000.00,34461.00
B,3,1A,16,20000000.00,43101.00
B,3,1A,17,20000000.00,51741.00
B,3,1A,18-33,20000000.00,61341.00
B,3,1A,34,20000000.00,64437.00
B,3,1A,35,20000000.00,67532.00
B,3,1A,36-43,20000000.00,70971.00
B,3,1A,44,20000000.00,75071.00
B,3,1A,45,20000000.00,79171.00
B,3,1A,46-48,20000000.00,83727.00
B,3,1A,49,20000000.00,92083.00
B,3,1A,50,20000000.00,100439.00
B,3,1A,51-53,20000000.00,109723.00
B,3,1A,54,20000000.00,119822.00
B,3,1A,55,20000000.00,129921.00
B,3,1A,56-58,20000000.00,141141.00
B,3,1A,59,20000000.00,152082.00
B,3,1A,60,20000000.00,163022.00
B,3,1A,61-63,20000000.00,175178.00
B,3,1A,64,20000000.00,186118.00
B,3,1A,65,20000000.00,197058.00
B,3,1A,66-68,20000000.00,209214.00
B,3,1A,69,20000000.00,217091.00
B,3,1A,70,20000000.00,224968.00
B,3,1A,71-73,20000000.00,233720.00
B,3,1A,74,20000000.00,241072.00
B,3,1A,75,20000000.00,248424.00
B,3,1A,76-78,20000000.00,256593.00
B,3,1A,79,20000000.00,263063.00
B,3,1A,80,20000000.00,269532.00
B,3,1A,Above 80,20000000.00,276721.00
B,2 Year,1A,91days-16yrs,20000000.00,23385.00
B,2 Year,1A,17,20000000.00,23385.00
B,2 Year,1A,18-34,20000000.00,32025.00
B,2 Year,1A,35,20000000.00,41624.00
B,2 Year,1A,36-44,20000000.00,44720.00
B,2 Year,1A,45,20000000.00,48159.00
B,2 Year,1A,46-49,20000000.00,52259.00
B,2 Year,1A,50,20000000.00,56614.00
B,2 Year,1A,51-54,20000000.00,65170.00
B,2 Year,1A,55,20000000.00,74455.00
B,2 Year,1A,56-59,20000000.00,84554.00
B,2 Year,1A,60,20000000.00,95774.00
B,2 Year,1A,61-64,20000000.00,106715.00
B,2 Year,1A,65,20000000.00,118711.00
B,2 Year,1A,66-69,20000000.00,129811.00
B,2 Year,1A,70,20000000.00,141967.00
B,2 Year,1A,71-74,20000000.00,149844.00
B,2 Year,1A,75,20000000.00,158596.00
B,2 Year,1A,76-79,20000000.00,165948.00
B,2 Year,1A,80,20000000.00,180586.00
B,2 Year,1A,Above 80,20000000.00,174117.00
B,1Year,1A,91days-17yrs,20000000.00,12308.00
B,1Year,1A,18-35,20000000.00,21908.00
B,1Year,1A,36-45,20000000.00,25347.00
B,1Year,1A,46-50,20000000.00,29902.00
B,1Year,1A,51-55,20000000.00,39187.00
B,1Year,1A,56-60,20000000.00,50408.00
B,1Year,1A,61-65,20000000.00,62663.00
B,1Year,1A,66-70,20000000.00,74719.00
B,1Year,1A,71-75,20000000.00,83472.00
B,1Year,1A,76-80,20000000.00,91640.00
B,1Year,1A,Above 80,20000000.00,98829.00
C,3,1A,15,20000000.00,30818.00
C,3,1A,16,20000000.00,38878.00
C,3,1A,17,20000000.00,47139.00
C,3,1A,18-33,20000000.00,56317.00
C,3,1A,34,20000000.00,59009.00
C,3,1A,35,20000000.00,61700.00
C,3,1A,36-43,20000000.00,64691.00
C,3,1A,44,20000000.00,67882.00
C,3,1A,45,20000000.00,71074.00
C,3,1A,46-48,20000000.00,74620.00
C,3,1A,49,20000000.00,81512.00
C,3,1A,50,20000000.00,88405.00
C,3,1A,51-53,20000000.00,96063.00
C,3,1A,54,20000000.00,104844.00
C,3,1A,55,20000000.00,113626.00
C,3,1A,56-58,20000000.00,123896.00
C,3,1A,59,20000000.00,132383.00
C,3,1A,60,20000000.00,142410.00
C,3,1A,61-63,20000000.00,152980.00
C,3,1A,64,20000000.00,162493.00
C,3,1A,65,20000000.00,172007.00
C,3,1A,66-68,20000000.00,182577.00
C,3,1A,69,20000000.00,189427.00
C,3,1A,70,20000000.00,196276.00
C,3,1A,71-73,20000000.00,203887.00
C,3,1A,74,20000000.00,210280.00
C,3,1A,75,20000000.00,216673.00
C,3,1A,76-78,20000000.00,223776.00
C,3,1A,79,20000000.00,229402.00
C,3,1A,80,20000000.00,235027.00
C,3,1A,Above 80,20000000.00,241278.00
C,2 Year,1A,91days-16yrs,20000000.00,20777.00
C,2 Year,1A,17,20000000.00,29037.00
C,2 Year,1A,18-34,20000000.00,38215.00
C,2 Year,1A,35,20000000.00,40907.00
C,2 Year,1A,34-44,20000000.00,43897.00
C,2 Year,1A,45,20000000.00,47089.00
C,2 Year,1A,46-49,20000000.00,50635.00
C,2 Year,1A,50,20000000.00,57527.00
C,2 Year,1A,51-54,20000000.00,65186.00
C,2 Year,1A,55,20000000.00,73967.00
C,2 Year,1A,56-59,20000000.00,83724.00
C,2 Year,1A,60,20000000.00,93238.00
C,2 Year,1A,61-64,20000000.00,103808.00
C,2 Year,1A,65,20000000.00,113321.00
C,2 Year,1A,66-69,20000000.00,123892.00
C,2 Year,1A,70,20000000.00,130741.00
C,2 Year,1A,71-74,20000000.00,138352.00
C,2 Year,1A,75,20000000.00,144745.00
C,2 Year,1A,76-79,20000000.00,151848.00
C,2 Year,1A,80,20000000.00,157474.00
C,2 Year,1A,Above 80,20000000.00,163725.00
C,1Year,1A,91days-17yrs,20000000.00,10935.00
C,1Year,1A,18-35,20000000.00,20113.00
C,1Year,1A,36-45,20000000.00,23104.00
C,1Year,1A,46-50,20000000.00,26850.00
C,1Year,1A,51-55,20000000.00,34308.00
C,1Year,1A,56-60,20000000.00,44065.00
C,1Year,1A,61-65,20000000.00,54636.00
C,1Year,1A,66-70,20000000.00,65206.00
C,1Year,1A,71-75,20000000.00,72817.00
C,1Year,1A,76-80,20000000.00,79920.00
C,1Year,1A,Above 80,20000000.00,86171.00
A,2 Year,1A,91days-16yrs,10000000.00,24254.00
A,2 Year,1A,17,10000000.00,30588.00
A,2 Year,1A,18-34,10000000.00,41066.00
A,2 Year,1A,35,10000000.00,44081.00
A,2 Year,1A,34-44,10000000.00,46737.00
A,2 Year,1A,45,10000000.00,52672.00
A,2 Year,1A,46-49,10000000.00,57433.00
A,2 Year,1A,50,10000000.00,67120.00
A,2 Year,1A,51-54,10000000.00,76574.00
A,2 Year,1A,55,10000000.00,86631.00
A,2 Year,1A,56-59,10000000.00,98935.00
A,2 Year,1A,60,10000000.00,113144.00
A,2 Year,1A,61-64,10000000.00,124871.00
A,2 Year,1A,65,10000000.00,136506.00
A,2 Year,1A,66-69,10000000.00,149234.00
A,2 Year,1A,70,10000000.00,156462.00
A,2 Year,1A,71-74,10000000.00,166417.00
A,2 Year,1A,75,10000000.00,171002.00
A,2 Year,1A,76-79,10000000.00,181888.00
A,2 Year,1A,80,10000000.00,189635.00
A,2 Year,1A,Above 80,10000000.00,196117.00
A,1Year,1A,91days-17yrs,10000000.00,12766.00
A,1Year,1A,18-35,10000000.00,21582.00
A,1Year,1A,36-45,10000000.00,23912.00
A,1Year,1A,46-50,10000000.00,30550.00
A,1Year,1A,51-55,10000000.00,40886.00
A,1Year,1A,56-60,10000000.00,52777.00
A,1Year,1A,61-65,10000000.00,66133.00
A,1Year,1A,66-70,10000000.00,76560.00
A,1Year,1A,71-75,10000000.00,95725.00
A,1Year,1A,76-80,10000000.00,95704.00
A,1Year,1A,Above 80,10000000.00,103219.00
B,3,1A,15,10000000.00,31725.00
B,3,1A,16,10000000.00,39263.00
B,3,1A,17,10000000.00,46801.00
B,3,1A,18-33,10000000.00,55176.00
B,3,1A,34,10000000.00,57990.00
B,3,1A,35,10000000.00,60804.00
B,3,1A,36-43,10000000.00,63931.00
B,3,1A,44,10000000.00,67817.00
B,3,1A,45,10000000.00,71702.00
B,3,1A,46-48,10000000.00,76019.00
B,3,1A,49,10000000.00,83774.00
B,3,1A,50,10000000.00,91529.00
B,3,1A,51-53,10000000.00,100145.00
B,3,1A,54,10000000.00,109326.00
B,3,1A,55,10000000.00,118506.00
B,3,1A,56-58,10000000.00,128707.00
B,3,1A,59,10000000.00,138353.00
B,3,1A,60,10000000.00,148598.00
B,3,1A,61-63,10000000.00,159649.00
B,3,1A,64,10000000.00,169595.00
B,3,1A,65,10000000.00,179541.00
B,3,1A,66-68,10000000.00,190591.00
B,3,1A,69,10000000.00,197752.00
B,3,1A,70,10000000.00,204913.00
B,3,1A,71-73,10000000.00,212870.00
B,3,1A,74,10000000.00,219553.00
B,3,1A,75,10000000.00,226237.00
B,3,1A,76-78,10000000.00,233863.00
B,3,1A,79,10000000.00,239544.00
B,3,1A,80,10000000.00,245426.00
B,3,1A,Above 80,10000000.00,251761.00
B,2 Year,1A,91days-16yrs,10000000.00,21528.00
B,2 Year,1A,17,10000000.00,21528.00
B,2 Year,1A,18-34,10000000.00,29066.00
B,2 Year,1A,35,10000000.00,37441.00
B,2 Year,1A,36-44,10000000.00,40255.00
B,2 Year,1A,45,10000000.00,43382.00
B,2 Year,1A,46-49,10000000.00,47267.00
B,2 Year,1A,50,10000000.00,51584.00
B,2 Year,1A,51-54,10000000.00,59339.00
B,2 Year,1A,55,10000000.00,67955.00
B,2 Year,1A,56-59,10000000.00,77136.00
B,2 Year,1A,60,10000000.00,87337.00
B,2 Year,1A,61-64,10000000.00,97283.00
B,2 Year,1A,65,10000000.00,108333.00
B,2 Year,1A,66-69,10000000.00,118279.00
B,2 Year,1A,70,10000000.00,129330.00
B,2 Year,1A,71-74,10000000.00,136491.00
B,2 Year,1A,75,10000000.00,144447.00
B,2 Year,1A,76-79,10000000.00,151131.00
B,2 Year,1A,80,10000000.00,164439.00
B,2 Year,1A,Above 80,10000000.00,158557.00
B,1Year,1A,91days-17yrs,10000000.00,11330.00
B,1Year,1A,18-35,10000000.00,19706.00
B,1Year,1A,36-45,10000000.00,22833.00
B,1Year,1A,46-50,10000000.00,27150.00
B,1Year,1A,51-55,10000000.00,35766.00
B,1Year,1A,56-60,10000000.00,45967.00
B,1Year,1A,61-65,10000000.00,57018.00
B,1Year,1A,66-70,10000000.00,68068.00
B,1Year,1A,71-75,10000000.00,76025.00
B,1Year,1A,76-80,10000000.00,83451.00
B,1Year,1A,Above 80,10000000.00,89986.00
C,3,1A,15,10000000.00,28231.00
C,3,1A,16,10000000.00,35234.00
C,3,1A,17,10000000.00,42617.00
C,3,1A,18-33,10000000.00,50609.00
C,3,1A,34,10000000.00,53056.00
C,3,1A,35,10000000.00,55503.00
C,3,1A,36-43,10000000.00,58222.00
C,3,1A,44,10000000.00,61281.00
C,3,1A,45,10000000.00,64341.00
C,3,1A,46-48,10000000.00,67740.00
C,3,1A,49,10000000.00,74165.00
C,3,1A,50,10000000.00,80589.00
C,3,1A,51-53,10000000.00,87727.00
C,3,1A,54,10000000.00,95710.00
C,3,1A,55,10000000.00,103693.00
C,3,1A,56-58,10000000.00,112563.00
C,3,1A,59,10000000.00,121212.00
C,3,1A,60,10000000.00,129212.00
C,3,1A,61-63,10000000.00,139469.00
C,3,1A,64,10000000.00,148118.00
C,3,1A,65,10000000.00,156766.00
C,3,1A,66-68,10000000.00,166376.00
C,3,1A,69,10000000.00,172603.00
C,3,1A,70,10000000.00,178830.00
C,3,1A,71-73,10000000.00,185748.00
C,3,1A,74,10000000.00,191560.00
C,3,1A,75,10000000.00,197372.00
C,3,1A,76-78,10000000.00,203829.00
C,3,1A,79,10000000.00,208944.00
C,3,1A,80,10000000.00,214058.00
C,3,1A,Above 80,10000000.00,219741.00
C,2 Year,1A,91days-16yrs,10000000.00,19157.00
C,2 Year,1A,17,10000000.00,26350.00
C,2 Year,1A,18-34,10000000.00,34342.00
C,2 Year,1A,35,10000000.00,36789.00
C,2 Year,1A,34-44,10000000.00,39507.00
C,2 Year,1A,45,10000000.00,42567.00
C,2 Year,1A,46-49,10000000.00,45967.00
C,2 Year,1A,50,10000000.00,52391.00
C,2 Year,1A,51-54,10000000.00,59529.00
C,2 Year,1A,55,10000000.00,67512.00
C,2 Year,1A,56-59,10000000.00,76382.00
C,2 Year,1A,60,10000000.00,85031.00
C,2 Year,1A,61-64,10000000.00,94640.00
C,2 Year,1A,65,10000000.00,103268.00
C,2 Year,1A,66-69,10000000.00,112898.00
C,2 Year,1A,70,10000000.00,119125.00
C,2 Year,1A,71-74,10000000.00,126043.00
C,2 Year,1A,75,10000000.00,131855.00
C,2 Year,1A,76-79,10000000.00,138313.00
C,2 Year,1A,80,10000000.00,143427.00
C,2 Year,1A,Above 80,10000000.00,149110.00
C,1Year,1A,91days-17yrs,10000000.00,10083.00
C,1Year,1A,18-35,10000000.00,18075.00
C,1Year,1A,36-45,10000000.00,20793.00
C,1Year,1A,46-50,10000000.00,24193.00
C,1Year,1A,51-55,10000000.00,31331.00
C,1Year,1A,56-60,10000000.00,40201.00
C,1Year,1A,61-65,10000000.00,49811.00
C,1Year,1A,66-70,10000000.00,59420.00
C,1Year,1A,71-75,10000000.00,66339.00
C,1Year,1A,76-80,10000000.00,72796.00
C,1Year,1A,Above 80,10000000.00,78479.00
A,2 Year,1A,91days-16yrs,7500000.00,22686.00
A,2 Year,1A,17,7500000.00,28922.00
A,2 Year,1A,18-34,7500000.00,37782.00
A,2 Year,1A,35,7500000.00,40326.00
A,2 Year,1A,34-44,7500000.00,42858.00
A,2 Year,1A,45,7500000.00,48721.00
A,2 Year,1A,46-49,7500000.00,53387.00
A,2 Year,1A,50,7500000.00,62475.00
A,2 Year,1A,51-54,7500000.00,71293.00
A,2 Year,1A,55,7500000.00,80922.00
A,2 Year,1A,56-59,7500000.00,91761.00
A,2 Year,1A,60,7500000.00,104896.00
A,2 Year,1A,61-64,7500000.00,115118.00
A,2 Year,1A,65,7500000.00,125783.00
A,2 Year,1A,66-69,7500000.00,137903.00
A,2 Year,1A,70,7500000.00,145101.00
A,2 Year,1A,71-74,7500000.00,154370.00
A,2 Year,1A,75,7500000.00,158353.00
A,2 Year,1A,76-79,7500000.00,167651.00
A,2 Year,1A,80,7500000.00,175141.00
A,2 Year,1A,Above 80,7500000.00,181818.00
A,1Year,1A,91days-17yrs,7500000.00,11940.00
A,1Year,1A,18-35,7500000.00,19192.00
A,1Year,1A,36-45,7500000.00,21575.00
A,1Year,1A,46-50,7500000.00,28311.00
A,1Year,1A,51-55,7500000.00,37082.00
A,1Year,1A,56-60,7500000.00,48222.00
A,1Year,1A,61-65,7500000.00,60589.00
A,1Year,1A,66-70,7500000.00,71163.00
A,1Year,1A,71-75,7500000.00,87164.00
A,1Year,1A,76-80,7500000.00,87835.00
A,1Year,1A,Above 80,7500000.00,96694.00
B,2 Year,1A,91days-16yrs,7500000.00,20162.00
B,2 Year,1A,17,7500000.00,20162.00
B,2 Year,1A,18-34,7500000.00,26969.00
B,2 Year,1A,35,7500000.00,34532.00
B,2 Year,1A,36-44,7500000.00,37137.00
B,2 Year,1A,45,7500000.00,40032.00
B,2 Year,1A,46-49,7500000.00,43716.00
B,2 Year,1A,50,7500000.00,47810.00
B,2 Year,1A,51-54,7500000.00,55076.00
B,2 Year,1A,55,7500000.00,63150.00
B,2 Year,1A,56-59,7500000.00,71651.00
B,2 Year,1A,60,7500000.00,81096.00
B,2 Year,1A,61-64,7500000.00,90305.00
B,2 Year,1A,65,7500000.00,100537.00
B,2 Year,1A,66-69,7500000.00,109746.00
B,2 Year,1A,70,7500000.00,119779.00
B,2 Year,1A,71-74,7500000.00,126609.00
B,2 Year,1A,75,7500000.00,133976.00
B,2 Year,1A,76-79,7500000.00,140165.00
B,2 Year,1A,80,7500000.00,152487.00
B,2 Year,1A,Above 80,7500000.00,147047.00
B,1Year,1A,91days-17yrs,7500000.00,10612.00
B,1Year,1A,18-35,7500000.00,18175.00
B,1Year,1A,36-45,7500000.00,21070.00
B,1Year,1A,46-50,7500000.00,25163.00
B,1Year,1A,51-55,7500000.00,33237.00
B,1Year,1A,56-60,7500000.00,42682.00
B,1Year,1A,61-65,7500000.00,52914.00
B,1Year,1A,66-70,7500000.00,63147.00
B,1Year,1A,71-75,7500000.00,70514.00
B,1Year,1A,76-80,7500000.00,77390.00
B,1Year,1A,Above 80,7500000.00,83441.00
C,2 Year,1A,91days-16yrs,7500000.00,17967.00
C,2 Year,1A,17,7500000.00,24454.00
C,2 Year,1A,18-34,7500000.00,31662.00
C,2 Year,1A,35,7500000.00,33928.00
C,2 Year,1A,34-44,7500000.00,36445.00
C,2 Year,1A,45,7500000.00,39364.00
C,2 Year,1A,46-49,7500000.00,42608.00
C,2 Year,1A,50,7500000.00,48643.00
C,2 Year,1A,51-54,7500000.00,55348.00
C,2 Year,1A,55,7500000.00,62740.00
C,2 Year,1A,56-59,7500000.00,70953.00
C,2 Year,1A,60,7500000.00,78961.00
C,2 Year,1A,61-64,7500000.00,87858.00
C,2 Year,1A,65,7500000.00,95866.00
C,2 Year,1A,66-69,7500000.00,104764.00
C,2 Year,1A,70,7500000.00,110529.00
C,2 Year,1A,71-74,7500000.00,116936.00
C,2 Year,1A,75,7500000.00,122317.00
C,2 Year,1A,76-79,7500000.00,128296.00
C,2 Year,1A,80,7500000.00,133032.00
C,2 Year,1A,Above 80,7500000.00,138293.00
C,1Year,1A,91days-17yrs,7500000.00,9456.00
C,1Year,1A,18-35,7500000.00,16664.00
C,1Year,1A,36-45,7500000.00,19182.00
C,1Year,1A,46-50,7500000.00,22425.00
C,1Year,1A,51-55,7500000.00,29131.00
C,1Year,1A,56-60,7500000.00,37344.00
C,1Year,1A,61-65,7500000.00,46241.00
C,1Year,1A,66-70,7500000.00,55139.00
C,1Year,1A,71-75,7500000.00,61545.00
C,1Year,1A,76-80,7500000.00,67524.00
C,1Year,1A,Above 80,7500000.00,72786.00
A,2 Year,1A,91days-16yrs,5000000.00,20141.00
A,2 Year,1A,17,5000000.00,26101.00
A,2 Year,1A,18-34,5000000.00,33801.00
A,2 Year,1A,35,5000000.00,35985.00
A,2 Year,1A,34-44,5000000.00,37726.00
A,2 Year,1A,45,5000000.00,43498.00
A,2 Year,1A,46-49,5000000.00,47892.00
A,2 Year,1A,50,5000000.00,55703.00
A,2 Year,1A,51-54,5000000.00,63725.00
A,2 Year,1A,55,5000000.00,73009.00
A,2 Year,1A,56-59,5000000.00,82078.00
A,2 Year,1A,60,5000000.00,93468.00
A,2 Year,1A,61-64,5000000.00,102665.00
A,2 Year,1A,65,5000000.00,112233.00
A,2 Year,1A,66-69,5000000.00,123272.00
A,2 Year,1A,70,5000000.00,129440.00
A,2 Year,1A,71-74,5000000.00,137401.00
A,2 Year,1A,75,5000000.00,141064.00
A,2 Year,1A,76-79,5000000.00,149731.00
A,2 Year,1A,80,5000000.00,157032.00
A,2 Year,1A,Above 80,5000000.00,162293.00
A,1Year,1A,91days-17yrs,5000000.00,10601.00
A,1Year,1A,18-35,5000000.00,17790.00
A,1Year,1A,36-45,5000000.00,20262.00
A,1Year,1A,46-50,5000000.00,25564.00
A,1Year,1A,51-55,5000000.00,34332.00
A,1Year,1A,56-60,5000000.00,42846.00
A,1Year,1A,61-65,5000000.00,54037.00
A,1Year,1A,66-70,5000000.00,64088.00
A,1Year,1A,71-75,5000000.00,70828.00
A,1Year,1A,76-80,5000000.00,79168.00
A,1Year,1A,Above 80,5000000.00,85381.00
B,3,1A,15,5000000.00,26360.00
B,3,1A,16,5000000.00,32502.00
B,3,1A,17,5000000.00,38644.00
B,3,1A,18-33,5000000.00,45469.00
B,3,1A,34,5000000.00,47795.00
B,3,1A,35,5000000.00,50122.00
B,3,1A,36-43,5000000.00,52706.00
B,3,1A,44,5000000.00,55963.00
B,3,1A,45,5000000.00,59220.00
B,3,1A,46-48,5000000.00,62539.00
B,3,1A,49,5000000.00,69295.00
B,3,1A,50,5000000.00,75751.00
B,3,1A,51-53,5000000.00,82924.00
B,3,1A,54,5000000.00,90103.00
B,3,1A,55,5000000.00,98103.00
B,3,1A,56-58,5000000.00,106536.00
B,3,1A,59,5000000.00,114759.00
B,3,1A,60,5000000.00,122981.00
B,3,1A,61-63,5000000.00,132117.00
B,3,1A,64,5000000.00,140339.00
B,3,1A,65,5000000.00,148562.00
B,3,1A,66-68,5000000.00,157698.00
B,3,1A,69,5000000.00,163618.00
B,3,1A,70,5000000.00,169538.00
B,3,1A,71-73,5000000.00,176116.00
B,3,1A,74,5000000.00,181641.00
B,3,1A,75,5000000.00,187166.00
B,3,1A,76-78,5000000.00,193306.00
B,3,1A,79,5000000.00,198168.00
B,3,1A,80,5000000.00,203030.00
B,3,1A,Above 80,5000000.00,208433.00
B,2 Year,1A,91days-16yrs,5000000.00,17887.00
B,2 Year,1A,17,5000000.00,17887.00
B,2 Year,1A,18-34,5000000.00,24029.00
B,2 Year,1A,35,5000000.00,30854.00
B,2 Year,1A,36-44,5000000.00,33180.00
B,2 Year,1A,45,5000000.00,35785.00
B,2 Year,1A,46-49,5000000.00,39022.00
B,2 Year,1A,50,5000000.00,42641.00
B,2 Year,1A,51-54,5000000.00,49097.00
B,2 Year,1A,55,5000000.00,56270.00
B,2 Year,1A,56-59,5000000.00,63859.00
B,2 Year,1A,60,5000000.00,72293.00
B,2 Year,1A,61-64,5000000.00,80515.00
B,2 Year,1A,65,5000000.00,89651.00
B,2 Year,1A,66-69,5000000.00,97873.00
B,2 Year,1A,70,5000000.00,107009.00
B,2 Year,1A,71-74,5000000.00,112929.00
B,2 Year,1A,75,5000000.00,119507.00
B,2 Year,1A,76-79,5000000.00,125032.00
B,2 Year,1A,80,5000000.00,136034.00
B,2 Year,1A,Above 80,5000000.00,131172.00
B,1Year,1A,91days-17yrs,5000000.00,9414.00
B,1Year,1A,18-35,5000000.00,16239.00
B,1Year,1A,36-45,5000000.00,18824.00
B,1Year,1A,46-50,5000000.00,22443.00
B,1Year,1A,51-55,5000000.00,29616.00
B,1Year,1A,56-60,5000000.00,38049.00
B,1Year,1A,61-65,5000000.00,47185.00
B,1Year,1A,66-70,5000000.00,56321.00
B,1Year,1A,71-75,5000000.00,62898.00
B,1Year,1A,76-80,5000000.00,69038.00
B,1Year,1A,Above 80,5000000.00,74440.00
C,3,1A,15,5000000.00,23471.00
C,3,1A,16,5000000.00,29328.00
C,3,1A,17,5000000.00,35185.00
C,3,1A,18-33,5000000.00,41693.00
C,3,1A,34,5000000.00,43716.00
C,3,1A,35,5000000.00,45739.00
C,3,1A,36-43,5000000.00,47986.00
C,3,1A,44,5000000.00,50560.00
C,3,1A,45,5000000.00,53135.00
C,3,1A,46-48,5000000.00,55995.00
C,3,1A,49,5000000.00,61351.00
C,3,1A,50,5000000.00,66706.00
C,3,1A,51-53,5000000.00,72657.00
C,3,1A,54,5000000.00,79257.00
C,3,1A,55,5000000.00,85857.00
C,3,1A,56-58,5000000.00,93190.00
C,3,1A,59,5000000.00,100340.00
C,3,1A,60,5000000.00,107490.00
C,3,1A,61-63,5000000.00,115434.00
C,3,1A,64,5000000.00,122584.00
C,3,1A,65,5000000.00,129734.00
C,3,1A,66-68,5000000.00,137678.00
C,3,1A,69,5000000.00,142826.00
C,3,1A,70,5000000.00,147674.00
C,3,1A,71-73,5000000.00,153694.00
C,3,1A,74,5000000.00,158498.00
C,3,1A,75,5000000.00,163303.00
C,3,1A,76-78,5000000.00,168642.00
C,3,1A,79,5000000.00,172870.00
C,3,1A,80,5000000.00,177098.00
C,3,1A,Above 80,5000000.00,181796.00
C,2 Year,1A,91days-16yrs,5000000.00,15927.00
C,2 Year,1A,17,5000000.00,21784.00
C,2 Year,1A,18-34,5000000.00,28291.00
C,2 Year,1A,35,5000000.00,30314.00
C,2 Year,1A,34-44,5000000.00,32562.00
C,2 Year,1A,45,5000000.00,35136.00
C,2 Year,1A,46-49,5000000.00,37397.00
C,2 Year,1A,50,5000000.00,43352.00
C,2 Year,1A,51-54,5000000.00,49303.00
C,2 Year,1A,55,5000000.00,55903.00
C,2 Year,1A,56-59,5000000.00,63236.00
C,2 Year,1A,60,5000000.00,70386.00
C,2 Year,1A,61-64,5000000.00,78330.00
C,2 Year,1A,65,5000000.00,85480.00
C,2 Year,1A,66-69,5000000.00,93424.00
C,2 Year,1A,70,5000000.00,98572.00
C,2 Year,1A,71-74,5000000.00,104292.00
C,2 Year,1A,75,5000000.00,109097.00
C,2 Year,1A,76-79,5000000.00,114435.00
C,2 Year,1A,80,5000000.00,118663.00
C,2 Year,1A,Above 80,5000000.00,123361.00
C,1Year,1A,91days-17yrs,5000000.00,8383.00
C,1Year,1A,18-35,5000000.00,14890.00
C,1Year,1A,36-45,5000000.00,17138.00
C,1Year,1A,46-50,5000000.00,19998.00
C,1Year,1A,51-55,5000000.00,25949.00
C,1Year,1A,56-60,5000000.00,33282.00
C,1Year,1A,61-65,5000000.00,41226.00
C,1Year,1A,66-70,5000000.00,49171.00
C,1Year,1A,71-75,5000000.00,54891.00
C,1Year,1A,76-80,5000000.00,60229.00
C,1Year,1A,Above 80,5000000.00,64927.00
A,2 Year,1A,91days-16yrs,2500000.00,17474.00
A,2 Year,1A,17,2500000.00,23260.00
A,2 Year,1A,18-34,2500000.00,28933.00
A,2 Year,1A,35,2500000.00,30800.00
A,2 Year,1A,34-44,2500000.00,32917.00
A,2 Year,1A,45,2500000.00,37459.00
A,2 Year,1A,46-49,2500000.00,41747.00
A,2 Year,1A,50,2500000.00,48427.00
A,2 Year,1A,51-54,2500000.00,55586.00
A,2 Year,1A,55,2500000.00,63546.00
A,2 Year,1A,56-59,2500000.00,71179.00
A,2 Year,1A,60,2500000.00,80932.00
A,2 Year,1A,61-64,2500000.00,88932.00
A,2 Year,1A,65,2500000.00,97404.00
A,2 Year,1A,66-69,2500000.00,106437.00
A,2 Year,1A,70,2500000.00,112516.00
A,2 Year,1A,71-74,2500000.00,119412.00
A,2 Year,1A,75,2500000.00,122514.00
A,2 Year,1A,76-79,2500000.00,130756.00
A,2 Year,1A,80,2500000.00,137695.00
A,2 Year,1A,Above 80,2500000.00,141023.00
A,1Year,1A,91days-17yrs,2500000.00,9197.00
A,1Year,1A,18-35,2500000.00,15228.00
A,1Year,1A,36-45,2500000.00,17813.00
A,1Year,1A,46-50,2500000.00,21882.00
A,1Year,1A,51-55,2500000.00,29572.00
A,1Year,1A,56-60,2500000.00,37831.00
A,1Year,1A,61-65,2500000.00,46967.00
A,1Year,1A,66-70,2500000.00,56103.00
A,1Year,1A,71-75,2500000.00,62621.00
A,1Year,1A,76-80,2500000.00,68820.00
A,1Year,1A,Above 80,2500000.00,74223.00
B,3,1A,15,2500000.00,22862.00
B,3,1A,16,2500000.00,28005.00
B,3,1A,17,2500000.00,33148.00
B,3,1A,18-33,2500000.00,38862.00
B,3,1A,34,2500000.00,40885.00
B,3,1A,35,2500000.00,42908.00
B,3,1A,36-43,2500000.00,45156.00
B,3,1A,44,2500000.00,48087.00
B,3,1A,45,2500000.00,51018.00
B,3,1A,46-48,2500000.00,54275.00
B,3,1A,49,2500000.00,59988.00
B,3,1A,50,2500000.00,65701.00
B,3,1A,51-53,2500000.00,72048.00
B,3,1A,54,2500000.00,78648.00
B,3,1A,55,2500000.00,85248.00
B,3,1A,56-58,2500000.00,92581.00
B,3,1A,59,2500000.00,99731.00
B,3,1A,60,2500000.00,106881.00
B,3,1A,61-63,2500000.00,114825.00
B,3,1A,64,2500000.00,121975.00
B,3,1A,65,2500000.00,129725.00
B,3,1A,66-68,2500000.00,137069.00
B,3,1A,69,2500000.00,142217.00
B,3,1A,70,2500000.00,147365.00
B,3,1A,71-73,2500000.00,153085.00
B,3,1A,74,2500000.00,157689.00
B,3,1A,75,2500000.00,162162.00
B,3,1A,76-78,2500000.00,168033.00
B,3,1A,79,2500000.00,172261.00
B,3,1A,80,2500000.00,176489.00
B,3,1A,Above 80,2500000.00,181187.00
B,2 Year,1A,91days-16yrs,2500000.00,15514.00
B,2 Year,1A,17,2500000.00,15514.00
B,2 Year,1A,18-34,2500000.00,20657.00
B,2 Year,1A,35,2500000.00,26371.00
B,2 Year,1A,36-44,2500000.00,28394.00
B,2 Year,1A,45,2500000.00,30642.00
B,2 Year,1A,46-49,2500000.00,33573.00
B,2 Year,1A,50,2500000.00,36830.00
B,2 Year,1A,51-54,2500000.00,42542.00
B,2 Year,1A,55,2500000.00,48890.00
B,2 Year,1A,56-59,2500000.00,55650.00
B,2 Year,1A,60,2500000.00,62823.00
B,2 Year,1A,61-64,2500000.00,69973.00
B,2 Year,1A,65,2500000.00,77917.00
B,2 Year,1A,66-69,2500000.00,85067.00
B,2 Year,1A,70,2500000.00,93011.00
B,2 Year,1A,71-74,2500000.00,98159.00
B,2 Year,1A,75,2500000.00,103979.00
B,2 Year,1A,76-79,2500000.00,108884.00
B,2 Year,1A,80,2500000.00,118250.00
B,2 Year,1A,Above 80,2500000.00,114022.00
B,1Year,1A,91days-17yrs,2500000.00,8165.00
B,1Year,1A,18-35,2500000.00,13879.00
B,1Year,1A,36-45,2500000.00,16127.00
B,1Year,1A,46-50,2500000.00,19384.00
B,1Year,1A,51-55,2500000.00,25732.00
B,1Year,1A,56-60,2500000.00,33065.00
B,1Year,1A,61-65,2500000.00,41009.00
B,1Year,1A,66-70,2500000.00,48953.00
B,1Year,1A,71-75,2500000.00,54673.00
B,1Year,1A,76-80,2500000.00,60012.00
B,1Year,1A,Above 80,2500000.00,64710.00
C,3,1A,15,2500000.00,20351.00
C,3,1A,16,2500000.00,25245.00
C,3,1A,17,2500000.00,30140.00
C,3,1A,18-33,2500000.00,35579.00
C,3,1A,34,2500000.00,37338.00
C,3,1A,35,2500000.00,39097.00
C,3,1A,36-43,2500000.00,41051.00
C,3,1A,44,2500000.00,43389.00
C,3,1A,45,2500000.00,45726.00
C,3,1A,46-48,2500000.00,48324.00
C,3,1A,49,2500000.00,53080.00
C,3,1A,50,2500000.00,57836.00
C,3,1A,51-53,2500000.00,63121.00
C,3,1A,54,2500000.00,68860.00
C,3,1A,55,2500000.00,74589.00
C,3,1A,56-58,2500000.00,80976.00
C,3,1A,59,2500000.00,87193.00
C,3,1A,60,2500000.00,93410.00
C,3,1A,61-63,2500000.00,100318.00
C,3,1A,64,2500000.00,106535.00
C,3,1A,65,2500000.00,112753.00
C,3,1A,66-68,2500000.00,119661.00
C,3,1A,69,2500000.00,124237.00
C,3,1A,70,2500000.00,128614.00
C,3,1A,71-73,2500000.00,133587.00
C,3,1A,74,2500000.00,137765.00
C,3,1A,75,2500000.00,141943.00
C,3,1A,76-78,2500000.00,146586.00
C,3,1A,79,2500000.00,150252.00
C,3,1A,80,2500000.00,153939.00
C,3,1A,Above 80,2500000.00,158024.00
C,2 Year,1A,91days-16yrs,2500000.00,13809.00
C,2 Year,1A,17,2500000.00,18704.00
C,2 Year,1A,18-34,2500000.00,24143.00
C,2 Year,1A,35,2500000.00,25902.00
C,2 Year,1A,34-44,2500000.00,27856.00
C,2 Year,1A,45,2500000.00,30194.00
C,2 Year,1A,46-49,2500000.00,32791.00
C,2 Year,1A,50,2500000.00,37547.00
C,2 Year,1A,51-54,2500000.00,42832.00
C,2 Year,1A,55,2500000.00,48571.00
C,2 Year,1A,56-59,2500000.00,54948.00
C,2 Year,1A,60,2500000.00,61165.00
C,2 Year,1A,61-64,2500000.00,68073.00
C,2 Year,1A,65,2500000.00,74290.00
C,2 Year,1A,66-69,2500000.00,81198.00
C,2 Year,1A,70,2500000.00,85675.00
C,2 Year,1A,71-74,2500000.00,90649.00
C,2 Year,1A,75,2500000.00,94827.00
C,2 Year,1A,76-79,2500000.00,99469.00
C,2 Year,1A,80,2500000.00,103145.00
C,2 Year,1A,Above 80,2500000.00,107231.00
C,1Year,1A,91days-17yrs,2500000.00,7268.00
C,1Year,1A,18-35,2500000.00,12707.00
C,1Year,1A,36-45,2500000.00,14661.00
C,1Year,1A,46-50,2500000.00,17258.00
C,1Year,1A,51-55,2500000.00,22543.00
C,1Year,1A,56-60,2500000.00,28920.00
C,1Year,1A,61-65,2500000.00,35828.00
C,1Year,1A,66-70,2500000.00,42736.00
C,1Year,1A,71-75,2500000.00,47710.00
C,1Year,1A,76-80,2500000.00,52352.00
C,1Year,1A,Above 80,2500000.00,56437.00
A,3 Year,1A,91days-15yrs,2000000.00,38861.00
A,3 Year,1A,16,2000000.00,47947.00
A,3 Year,1A,17,2000000.00,57034.00
A,3 Year,1A,18-33,2000000.00,67442.00
A,3 Year,1A,34,2000000.00,70878.00
A,3 Year,1A,35,2000000.00,73599.00
A,3 Year,1A,36-43,2000000.00,78316.00
A,3 Year,1A,44,2000000.00,83598.00
A,3 Year,1A,45,2000000.00,86485.00
A,3 Year,1A,46-48,2000000.00,94298.00
A,3 Year,1A,49,2000000.00,104238.00
A,3 Year,1A,50,2000000.00,114278.00
A,3 Year,1A,51-53,2000000.00,126734.00
A,3 Year,1A,54,2000000.00,137046.00
A,3 Year,1A,55,2000000.00,147263.00
A,3 Year,1A,56,2000000.00,160731.00
A,3 Year,1A,59,2000000.00,188593.00
A,3 Year,1A,60,2000000.00,199790.00
A,3 Year,1A,61-63,2000000.00,215596.00
A,3 Year,1A,64-65,2000000.00,210990.00
A,3 Year,1A,66-68,2000000.00,241464.00
A,3 Year,1A,69,2000000.00,252832.00
A,3 Year,1A,70,2000000.00,243104.00
A,3 Year,1A,71-73,2000000.00,264090.00
A,3 Year,1A,74-75,2000000.00,272868.00
A,3 Year,1A,76-78,2000000.00,289333.00
A,3 Year,1A,79,2000000.00,297948.00
A,3 Year,1A,80,2000000.00,309173.00
A,3 Year,1A,Above 80,2000000.00,317479.00
A,2 Year,1A,91days-16yrs,2000000.00,16030.00
A,2 Year,1A,17,2000000.00,20687.00
A,2 Year,1A,18-34,2000000.00,26220.00
A,2 Year,1A,35,2000000.00,27647.00
A,2 Year,1A,34-44,2000000.00,29414.00
A,2 Year,1A,45,2000000.00,34024.00
A,2 Year,1A,46-49,2000000.00,37474.00
A,2 Year,1A,50,2000000.00,43982.00
A,2 Year,1A,51-54,2000000.00,50536.00
A,2 Year,1A,55,2000000.00,57925.00
A,2 Year,1A,56-59,2000000.00,65189.00
A,2 Year,1A,60,2000000.00,73354.00
A,2 Year,1A,61-64,2000000.00,80832.00
A,2 Year,1A,65,2000000.00,88774.00
A,2 Year,1A,66-69,2000000.00,97641.00
A,2 Year,1A,70,2000000.00,102432.00
A,2 Year,1A,71-74,2000000.00,109077.00
A,2 Year,1A,75,2000000.00,111857.00
A,2 Year,1A,76-79,2000000.00,117126.00
A,2 Year,1A,80,2000000.00,123578.00
A,2 Year,1A,Above 80,2000000.00,128348.00
A,1Year,1A,91days-17yrs,2000000.00,8437.00
A,1Year,1A,18-35,2000000.00,13800.00
A,1Year,1A,36-45,2000000.00,16150.00
A,1Year,1A,46-50,2000000.00,19980.00
A,1Year,1A,51-55,2000000.00,26802.00
A,1Year,1A,56-60,2000000.00,34478.00
A,1Year,1A,61-65,2000000.00,42773.00
A,1Year,1A,66-70,2000000.00,51073.00
A,1Year,1A,71-75,2000000.00,57059.00
A,1Year,1A,76-80,2000000.00,62640.00
A,1Year,1A,Above 80,2000000.00,67551.00
B,3,1A,15,2000000.00,20997.00
B,3,1A,16,2000000.00,25565.00
B,3,1A,17,2000000.00,30132.00
B,3,1A,18-33,2000000.00,35208.00
B,3,1A,34,2000000.00,37047.00
B,3,1A,35,2000000.00,38886.00
B,3,1A,36-43,2000000.00,40929.00
B,3,1A,44,2000000.00,43648.00
B,3,1A,45,2000000.00,46366.00
B,3,1A,46-48,2000000.00,49387.00
B,3,1A,49,2000000.00,54634.00
B,3,1A,50,2000000.00,59881.00
B,3,1A,51-53,2000000.00,65711.00
B,3,1A,54,2000000.00,71711.00
B,3,1A,55,2000000.00,77711.00
B,3,1A,56-58,2000000.00,84378.00
B,3,1A,59,2000000.00,90877.00
B,3,1A,60,2000000.00,97377.00
B,3,1A,61-63,2000000.00,104599.00
B,3,1A,64,2000000.00,111099.00
B,3,1A,65,2000000.00,117599.00
B,3,1A,66-68,2000000.00,124821.00
B,3,1A,69,2000000.00,129421.00
B,3,1A,70,2000000.00,134181.00
B,3,1A,71-73,2000000.00,139181.00
B,3,1A,74,2000000.00,143749.00
B,3,1A,75,2000000.00,148148.00
B,3,1A,76-78,2000000.00,152970.00
B,3,1A,79,2000000.00,156814.00
B,3,1A,80,2000000.00,160657.00
B,3,1A,Above 80,2000000.00,164928.00
B,2 Year,1A,91days-16yrs,2000000.00,14248.00
B,2 Year,1A,17,2000000.00,14248.00
B,2 Year,1A,18-34,2000000.00,18816.00
B,2 Year,1A,35,2000000.00,23891.00
B,2 Year,1A,36-44,2000000.00,25730.00
B,2 Year,1A,45,2000000.00,27773.00
B,2 Year,1A,46-49,2000000.00,30492.00
B,2 Year,1A,50,2000000.00,33512.00
B,2 Year,1A,51-54,2000000.00,38760.00
B,2 Year,1A,55,2000000.00,44590.00
B,2 Year,1A,56-59,2000000.00,50590.00
B,2 Year,1A,60,2000000.00,57256.00
B,2 Year,1A,61-64,2000000.00,63756.00
B,2 Year,1A,65,2000000.00,70778.00
B,2 Year,1A,66-69,2000000.00,77478.00
B,2 Year,1A,70,2000000.00,84700.00
B,2 Year,1A,71-74,2000000.00,89380.00
B,2 Year,1A,75,2000000.00,94580.00
B,2 Year,1A,76-79,2000000.00,98948.00
B,2 Year,1A,80,2000000.00,107645.00
B,2 Year,1A,Above 80,2000000.00,103801.00
B,1Year,1A,91days-17yrs,2000000.00,7499.00
B,1Year,1A,18-35,2000000.00,12574.00
B,1Year,1A,36-45,2000000.00,14618.00
B,1Year,1A,46-50,2000000.00,17638.00
B,1Year,1A,51-55,2000000.00,23468.00
B,1Year,1A,56-60,2000000.00,30135.00
B,1Year,1A,61-65,2000000.00,37357.00
B,1Year,1A,66-70,2000000.00,44579.00
B,1Year,1A,71-75,2000000.00,49779.00
B,1Year,1A,76-80,2000000.00,54532.00
B,1Year,1A,Above 80,2000000.00,58903.00
C,3,1A,15,2000000.00,18713.00
C,3,1A,16,2000000.00,23056.00
C,3,1A,17,2000000.00,27398.00
C,3,1A,18-33,2000000.00,32223.00
C,3,1A,34,2000000.00,33822.00
C,3,1A,35,2000000.00,35421.00
C,3,1A,36-43,2000000.00,37198.00
C,3,1A,44,2000000.00,39377.00
C,3,1A,45,2000000.00,41555.00
C,3,1A,46-48,2000000.00,43976.00
C,3,1A,49,2000000.00,48354.00
C,3,1A,50,2000000.00,52732.00
C,3,1A,51-53,2000000.00,57596.00
C,3,1A,54,2000000.00,62813.00
C,3,1A,55,2000000.00,68030.00
C,3,1A,56-58,2000000.00,73827.00
C,3,1A,59,2000000.00,79478.00
C,3,1A,60,2000000.00,85131.00
C,3,1A,61-63,2000000.00,91411.00
C,3,1A,64,2000000.00,97083.00
C,3,1A,65,2000000.00,102715.00
C,3,1A,66-68,2000000.00,108365.00
C,3,1A,69,2000000.00,113065.00
C,3,1A,70,2000000.00,117134.00
C,3,1A,71-73,2000000.00,121656.00
C,3,1A,74,2000000.00,125254.00
C,3,1A,75,2000000.00,129252.00
C,3,1A,76-78,2000000.00,133473.00
C,3,1A,79,2000000.00,136815.00
C,3,1A,80,2000000.00,140157.00
C,3,1A,Above 80,2000000.00,143871.00
C,2 Year,1A,91days-16yrs,2000000.00,12698.00
C,2 Year,1A,17,2000000.00,17041.00
C,2 Year,1A,18-34,2000000.00,21865.00
C,2 Year,1A,35,2000000.00,23465.00
C,2 Year,1A,34-44,2000000.00,25241.00
C,2 Year,1A,45,2000000.00,27420.00
C,2 Year,1A,46-49,2000000.00,29841.00
C,2 Year,1A,50,2000000.00,34219.00
C,2 Year,1A,51-54,2000000.00,39083.00
C,2 Year,1A,55,2000000.00,44300.00
C,2 Year,1A,56-59,2000000.00,50097.00
C,2 Year,1A,60,2000000.00,55749.00
C,2 Year,1A,61-64,2000000.00,62029.00
C,2 Year,1A,65,2000000.00,67681.00
C,2 Year,1A,66-69,2000000.00,73961.00
C,2 Year,1A,70,2000000.00,78031.00
C,2 Year,1A,71-74,2000000.00,82552.00
C,2 Year,1A,75,2000000.00,86350.00
C,2 Year,1A,76-79,2000000.00,90571.00
C,2 Year,1A,80,2000000.00,93913.00
C,2 Year,1A,Above 80,2000000.00,97627.00
C,1Year,1A,91days-17yrs,2000000.00,6683.00
C,1Year,1A,18-35,2000000.00,11508.00
C,1Year,1A,36-45,2000000.00,13285.00
C,1Year,1A,46-50,2000000.00,15706.00
C,1Year,1A,51-55,2000000.00,20570.00
C,1Year,1A,56-60,2000000.00,26367.00
C,1Year,1A,61-65,2000000.00,32647.00
C,1Year,1A,66-70,2000000.00,38927.00
C,1Year,1A,71-75,2000000.00,43449.00
C,1Year,1A,76-80,2000000.00,47669.00
C,1Year,1A,Above 80,2000000.00,51383.00
A,2 Year,1A,91days-16yrs,1500000.00,14315.00
A,2 Year,1A,17,1500000.00,18632.00
A,2 Year,1A,18-34,1500000.00,23330.00
A,2 Year,1A,35,1500000.00,24571.00
A,2 Year,1A,34-44,1500000.00,26376.00
A,2 Year,1A,45,1500000.00,30394.00
A,2 Year,1A,46-49,1500000.00,33023.00
A,2 Year,1A,50,1500000.00,39726.00
A,2 Year,1A,51-54,1500000.00,45883.00
A,2 Year,1A,55,1500000.00,52618.00
A,2 Year,1A,56-59,1500000.00,58475.00
A,2 Year,1A,60,1500000.00,66233.00
A,2 Year,1A,61-64,1500000.00,72556.00
A,2 Year,1A,65,1500000.00,81219.00
A,2 Year,1A,66-69,1500000.00,88450.00
A,2 Year,1A,70,1500000.00,91460.00
A,2 Year,1A,71-74,1500000.00,97421.00
A,2 Year,1A,75,1500000.00,99936.00
A,2 Year,1A,76-79,1500000.00,105166.00
A,2 Year,1A,80,1500000.00,110963.00
A,2 Year,1A,Above 80,1500000.00,114599.00
A,1Year,1A,91days-17yrs,1500000.00,7534.00
A,1Year,1A,18-35,1500000.00,12331.00
A,1Year,1A,36-45,1500000.00,14429.00
A,1Year,1A,46-50,1500000.00,17738.00
A,1Year,1A,51-55,1500000.00,23931.00
A,1Year,1A,56-60,1500000.00,30977.00
A,1Year,1A,61-65,1500000.00,38195.00
A,1Year,1A,66-70,1500000.00,45109.00
A,1Year,1A,71-75,1500000.00,50947.00
A,1Year,1A,76-80,1500000.00,55930.00
A,1Year,1A,Above 80,1500000.00,60315.00
B,3,1A,15,1500000.00,18751.00
B,3,1A,16,1500000.00,22837.00
B,3,1A,17,1500000.00,26923.00
B,3,1A,18-33,1500000.00,31463.00
B,3,1A,34,1500000.00,33105.00
B,3,1A,35,1500000.00,34747.00
B,3,1A,36-43,1500000.00,36571.00
B,3,1A,44,1500000.00,38995.00
B,3,1A,45,1500000.00,41418.00
B,3,1A,46-48,1500000.00,44111.00
B,3,1A,49,1500000.00,48792.00
B,3,1A,50,1500000.00,53473.00
B,3,1A,51-53,1500000.00,58675.00
B,3,1A,54,1500000.00,64032.00
B,3,1A,55,1500000.00,69389.00
B,3,1A,56-58,1500000.00,75341.00
B,3,1A,59,1500000.00,81145.00
B,3,1A,60,1500000.00,86948.00
B,3,1A,61-63,1500000.00,93396.00
B,3,1A,64,1500000.00,99200.00
B,3,1A,65,1500000.00,105003.00
B,3,1A,66-68,1500000.00,111451.00
B,3,1A,69,1500000.00,115630.00
B,3,1A,70,1500000.00,119808.00
B,3,1A,71-73,1500000.00,124451.00
B,3,1A,74,1500000.00,128251.00
B,3,1A,75,1500000.00,132351.00
B,3,1A,76-78,1500000.00,136584.00
B,3,1A,79,1500000.00,14016.00
B,3,1A,80,1500000.00,144348.00
B,3,1A,Above 80,1500000.00,147261.00
B,2 Year,1A,91days-16yrs,1500000.00,12724.00
B,2 Year,1A,17,1500000.00,12724.00
B,2 Year,1A,18-34,1500000.00,16810.00
B,2 Year,1A,35,1500000.00,21350.00
B,2 Year,1A,36-44,1500000.00,22942.00
B,2 Year,1A,45,1500000.00,24816.00
B,2 Year,1A,46-49,1500000.00,27240.00
B,2 Year,1A,50,1500000.00,29932.00
B,2 Year,1A,51-54,1500000.00,34814.00
B,2 Year,1A,55,1500000.00,39815.00
B,2 Year,1A,56-59,1500000.00,45172.00
B,2 Year,1A,60,1500000.00,51124.00
B,2 Year,1A,61-64,1500000.00,56928.00
B,2 Year,1A,65,1500000.00,63376.00
B,2 Year,1A,66-69,1500000.00,69180.00
B,2 Year,1A,70,1500000.00,75628.00
B,2 Year,1A,71-74,1500000.00,79806.00
B,2 Year,1A,75,1500000.00,84449.00
B,2 Year,1A,76-79,1500000.00,88349.00
B,2 Year,1A,80,1500000.00,96114.00
B,2 Year,1A,Above 80,1500000.00,92682.00
B,1Year,1A,91days-17yrs,1500000.00,6897.00
B,1Year,1A,18-35,1500000.00,11237.00
B,1Year,1A,36-45,1500000.00,13061.00
B,1Year,1A,46-50,1500000.00,15754.00
B,1Year,1A,51-55,1500000.00,20955.00
B,1Year,1A,56-60,1500000.00,26908.00
B,1Year,1A,61-65,1500000.00,33556.00
B,1Year,1A,66-70,1500000.00,39804.00
B,1Year,1A,71-75,1500000.00,44447.00
B,1Year,1A,76-80,1500000.00,48780.00
B,1Year,1A,Above 80,1500000.00,52593.00
C,3,1A,15,1500000.00,16712.00
C,3,1A,16,1500000.00,20597.00
C,3,1A,17,1500000.00,24481.00
C,3,1A,18-33,1500000.00,28798.00
C,3,1A,34,1500000.00,30225.00
C,3,1A,35,1500000.00,31653.00
C,3,1A,36-43,1500000.00,33240.00
C,3,1A,44,1500000.00,35181.00
C,3,1A,45,1500000.00,37123.00
C,3,1A,46-48,1500000.00,39280.00
C,3,1A,49,1500000.00,43135.00
C,3,1A,50,1500000.00,47090.00
C,3,1A,51-53,1500000.00,51429.00
C,3,1A,54,1500000.00,56087.00
C,3,1A,55,1500000.00,60745.00
C,3,1A,56-58,1500000.00,65921.00
C,3,1A,59,1500000.00,70968.00
C,3,1A,60,1500000.00,76014.00
C,3,1A,61-63,1500000.00,81621.00
C,3,1A,64,1500000.00,86868.00
C,3,1A,65,1500000.00,91714.00
C,3,1A,66-68,1500000.00,97321.00
C,3,1A,69,1500000.00,100955.00
C,3,1A,70,1500000.00,104588.00
C,3,1A,71-73,1500000.00,108625.00
C,3,1A,74,1500000.00,112017.00
C,3,1A,75,1500000.00,115408.00
C,3,1A,76-78,1500000.00,119176.00
C,3,1A,79,1500000.00,122160.00
C,3,1A,80,1500000.00,125144.00
C,3,1A,Above 80,1500000.00,128460.00
C,2 Year,1A,91days-16yrs,1500000.00,11341.00
C,2 Year,1A,17,1500000.00,15225.00
C,2 Year,1A,18-34,1500000.00,19541.00
C,2 Year,1A,35,1500000.00,20999.00
C,2 Year,1A,34-44,1500000.00,22555.00
C,2 Year,1A,45,1500000.00,24497.00
C,2 Year,1A,46-49,1500000.00,26854.00
C,2 Year,1A,50,1500000.00,30559.00
C,2 Year,1A,51-54,1500000.00,34898.00
C,2 Year,1A,55,1500000.00,39556.00
C,2 Year,1A,56-59,1500000.00,44732.00
C,2 Year,1A,60,1500000.00,49779.00
C,2 Year,1A,61-64,1500000.00,55386.00
C,2 Year,1A,65,1500000.00,60432.00
C,2 Year,1A,66-69,1500000.00,66039.00
C,2 Year,1A,70,1500000.00,69673.00
C,2 Year,1A,71-74,1500000.00,73710.00
C,2 Year,1A,75,1500000.00,77101.00
C,2 Year,1A,76-79,1500000.00,80869.00
C,2 Year,1A,80,1500000.00,83854.00
C,2 Year,1A,Above 80,1500000.00,87170.00
C,1Year,1A,91days-17yrs,1500000.00,5969.00
C,1Year,1A,18-35,1500000.00,10285.00
C,1Year,1A,36-45,1500000.00,11871.00
C,1Year,1A,46-50,1500000.00,14029.00
C,1Year,1A,51-55,1500000.00,18367.00
C,1Year,1A,56-60,1500000.00,23543.00
C,1Year,1A,61-65,1500000.00,29150.00
C,1Year,1A,66-70,1500000.00,34758.00
C,1Year,1A,71-75,1500000.00,38795.00
C,1Year,1A,76-80,1500000.00,42563.00
C,1Year,1A,Above 80,1500000.00,45879.00
A,3 Year,1A,91days-15yrs,1000000.00,35473.00
A,3 Year,1A,16,1000000.00,43678.00
A,3 Year,1A,17,1000000.00,51903.00
A,3 Year,1A,18-33,1000000.00,61378.00
A,3 Year,1A,34,1000000.00,63850.00
A,3 Year,1A,35,1000000.00,66274.00
A,3 Year,1A,36-43,1000000.00,70497.00
A,3 Year,1A,44,1000000.00,75230.00
A,3 Year,1A,45,1000000.00,80167.00
A,3 Year,1A,46-48,1000000.00,85450.00
A,3 Year,1A,49,1000000.00,94825.00
A,3 Year,1A,50,1000000.00,104108.00
A,3 Year,1A,51-53,1000000.00,115598.00
A,3 Year,1A,54,1000000.00,124984.00
A,3 Year,1A,55,1000000.00,134521.00
A,3 Year,1A,56,1000000.00,146827.00
A,3 Year,1A,59,1000000.00,172106.00
A,3 Year,1A,60,1000000.00,182591.00
A,3 Year,1A,61-63,1000000.00,196979.00
A,3 Year,1A,64-65,1000000.00,191656.00
A,3 Year,1A,66-68,1000000.00,219374.00
A,3 Year,1A,69,1000000.00,229876.00
A,3 Year,1A,70,1000000.00,221484.00
A,3 Year,1A,71-73,1000000.00,241466.00
A,3 Year,1A,74-75,1000000.00,249422.00
A,3 Year,1A,76-78,1000000.00,264572.00
A,3 Year,1A,79,1000000.00,271867.00
A,3 Year,1A,80,1000000.00,281499.00
A,3 Year,1A,Above 80,1000000.00,289014.00
A,2 Year,1A,91days-16yrs,1000000.00,11193.00
A,2 Year,1A,17,1000000.00,14677.00
A,2 Year,1A,18-34,1000000.00,18548.00
A,2 Year,1A,35,1000000.00,19406.00
A,2 Year,1A,34-44,1000000.00,21292.00
A,2 Year,1A,45,1000000.00,24537.00
A,2 Year,1A,46-49,1000000.00,27037.00
A,2 Year,1A,50,1000000.00,32260.00
A,2 Year,1A,51-54,1000000.00,37510.00
A,2 Year,1A,55,1000000.00,42816.00
A,2 Year,1A,56-59,1000000.00,48817.00
A,2 Year,1A,60,1000000.00,55008.00
A,2 Year,1A,61-64,1000000.00,60025.00
A,2 Year,1A,65,1000000.00,67258.00
A,2 Year,1A,66-69,1000000.00,73590.00
A,2 Year,1A,70,1000000.00,76470.00
A,2 Year,1A,71-74,1000000.00,81600.00
A,2 Year,1A,75,1000000.00,84088.00
A,2 Year,1A,76-79,1000000.00,89419.00
A,2 Year,1A,80,1000000.00,94344.00
A,2 Year,1A,Above 80,1000000.00,96180.00
A,1Year,1A,91days-17yrs,1000000.00,5981.00
A,1Year,1A,18-35,1000000.00,9762.00
A,1Year,1A,36-45,1000000.00,11504.00
A,1Year,1A,46-50,1000000.00,14441.00
A,1Year,1A,51-55,1000000.00,19787.00
A,1Year,1A,56-60,1000000.00,25883.00
A,1Year,1A,61-65,1000000.00,31872.00
A,1Year,1A,66-70,1000000.00,36817.00
A,1Year,1A,71-75,1000000.00,42621.00
A,1Year,1A,76-80,1000000.00,46905.00
A,1Year,1A,Above 80,1000000.00,50621.00
B,3,1A,15,1000000.00,14508.00
B,3,1A,16,1000000.00,17796.00
B,3,1A,17,1000000.00,21083.00
B,3,1A,18-33,1000000.00,24736.00
B,3,1A,34,1000000.00,26127.00
B,3,1A,35,1000000.00,27519.00
B,3,1A,36-43,1000000.00,29065.00
B,3,1A,44,1000000.00,31206.00
B,3,1A,45,1000000.00,33348.00
B,3,1A,46-48,1000000.00,35727.00
B,3,1A,49,1000000.00,39782.00
B,3,1A,50,1000000.00,43837.00
B,3,1A,51-53,1000000.00,48342.00
B,3,1A,54,1000000.00,52882.00
B,3,1A,55,1000000.00,57422.00
B,3,1A,56-58,1000000.00,62466.00
B,3,1A,59,1000000.00,67384.00
B,3,1A,60,1000000.00,72302.00
B,3,1A,61-63,1000000.00,77767.00
B,3,1A,64,1000000.00,82685.00
B,3,1A,65,1000000.00,87603.00
B,3,1A,66-68,1000000.00,93068.00
B,3,1A,69,1000000.00,96609.00
B,3,1A,70,1000000.00,100150.00
B,3,1A,71-73,1000000.00,104065.00
B,3,1A,74,1000000.00,107390.00
B,3,1A,75,1000000.00,110695.00
B,3,1A,76-78,1000000.00,113678.00
B,3,1A,79,1000000.00,117275.00
B,3,1A,80,1000000.00,120184.00
B,3,1A,Above 80,1000000.00,123415.00
B,2 Year,1A,91days-16yrs,1000000.00,9845.00
B,2 Year,1A,17,1000000.00,9845.00
B,2 Year,1A,18-34,1000000.00,13132.00
B,2 Year,1A,35,1000000.00,16785.00
B,2 Year,1A,36-44,1000000.00,18177.00
B,2 Year,1A,45,1000000.00,19723.00
B,2 Year,1A,46-49,1000000.00,21864.00
B,2 Year,1A,50,1000000.00,24243.00
B,2 Year,1A,51-54,1000000.00,28298.00
B,2 Year,1A,55,1000000.00,32804.00
B,2 Year,1A,56-59,1000000.00,37343.00
B,2 Year,1A,60,1000000.00,42388.00
B,2 Year,1A,61-64,1000000.00,47306.00
B,2 Year,1A,65,1000000.00,52770.00
B,2 Year,1A,66-69,1000000.00,57689.00
B,2 Year,1A,70,1000000.00,63153.00
B,2 Year,1A,71-74,1000000.00,66694.00
B,2 Year,1A,75,1000000.00,70629.00
B,2 Year,1A,76-79,1000000.00,73934.00
B,2 Year,1A,80,1000000.00,80515.00
B,2 Year,1A,Above 80,1000000.00,77086.00
B,1Year,1A,91days-17yrs,1000000.00,5182.00
B,1Year,1A,18-35,1000000.00,8834.00
B,1Year,1A,36-45,1000000.00,10380.00
B,1Year,1A,46-50,1000000.00,12760.00
B,1Year,1A,51-55,1000000.00,17265.00
B,1Year,1A,56-60,1000000.00,22309.00
B,1Year,1A,61-65,1000000.00,27774.00
B,1Year,1A,66-70,1000000.00,33239.00
B,1Year,1A,71-75,1000000.00,37173.00
B,1Year,1A,76-80,1000000.00,40845.00
B,1Year,1A,Above 80,1000000.00,44077.00
C,3,1A,15,1000000.00,12781.00
C,3,1A,16,1000000.00,15018.00
C,3,1A,17,1000000.00,19014.00
C,3,1A,18-33,1000000.00,22477.00
C,3,1A,34,1000000.00,23697.00
C,3,1A,35,1000000.00,24897.00
C,3,1A,36-43,1000000.00,26242.00
C,3,1A,44,1000000.00,27975.00
C,3,1A,45,1000000.00,29708.00
C,3,1A,46-48,1000000.00,31833.00
C,3,1A,49,1000000.00,35030.00
C,3,1A,50,1000000.00,38427.00
C,3,1A,51-53,1000000.00,42201.00
C,3,1A,54,1000000.00,46149.00
C,3,1A,55,1000000.00,50097.00
C,3,1A,56-58,1000000.00,54483.00
C,3,1A,59,1000000.00,58780.00
C,3,1A,60,1000000.00,63036.00
C,3,1A,61-63,1000000.00,67788.00
C,3,1A,64,1000000.00,72085.00
C,3,1A,65,1000000.00,76341.00
C,3,1A,66-68,1000000.00,81093.00
C,3,1A,69,1000000.00,84173.00
C,3,1A,70,1000000.00,87252.00
C,3,1A,71-73,1000000.00,90673.00
C,3,1A,74,1000000.00,93547.00
C,3,1A,75,1000000.00,96421.00
C,3,1A,76-78,1000000.00,99614.00
C,3,1A,79,1000000.00,102143.00
C,3,1A,80,1000000.00,104672.00
C,3,1A,Above 80,1000000.00,107482.00
C,2 Year,1A,91days-16yrs,1000000.00,8673.00
C,2 Year,1A,17,1000000.00,11789.00
C,2 Year,1A,18-34,1000000.00,15252.00
C,2 Year,1A,35,1000000.00,16462.00
C,2 Year,1A,34-44,1000000.00,17807.00
C,2 Year,1A,45,1000000.00,19540.00
C,2 Year,1A,46-49,1000000.00,21465.00
C,2 Year,1A,50,1000000.00,24862.00
C,2 Year,1A,51-54,1000000.00,28637.00
C,2 Year,1A,55,1000000.00,32584.00
C,2 Year,1A,56-59,1000000.00,36971.00
C,2 Year,1A,60,1000000.00,41247.00
C,2 Year,1A,61-64,1000000.00,45999.00
C,2 Year,1A,65,1000000.00,50276.00
C,2 Year,1A,66-69,1000000.00,55028.00
C,2 Year,1A,70,1000000.00,58107.00
C,2 Year,1A,71-74,1000000.00,61528.00
C,2 Year,1A,75,1000000.00,64402.00
C,2 Year,1A,76-79,1000000.00,67595.00
C,2 Year,1A,80,1000000.00,70124.00
C,2 Year,1A,Above 80,1000000.00,72934.00
C,1Year,1A,91days-17yrs,1000000.00,4565.00
C,1Year,1A,18-35,1000000.00,8028.00
C,1Year,1A,36-45,1000000.00,9372.00
C,1Year,1A,46-50,1000000.00,11298.00
C,1Year,1A,51-55,1000000.00,15072.00
C,1Year,1A,56-60,1000000.00,19458.00
C,1Year,1A,61-65,1000000.00,24210.00
C,1Year,1A,66-70,1000000.00,28962.00
C,1Year,1A,71-75,1000000.00,32383.00
C,1Year,1A,76-80,1000000.00,35576.00
C,1Year,1A,Above 80,1000000.00,38387.00
A,3 Year,1A,91days-15yrs,750000.00,33433.00
A,3 Year,1A,16,750000.00,40607.00
A,3 Year,1A,17,750000.00,48191.00
A,3 Year,1A,18-33,750000.00,56745.00
A,3 Year,1A,34,750000.00,58749.00
A,3 Year,1A,35,750000.00,61037.00
A,3 Year,1A,36-43,750000.00,65073.00
A,3 Year,1A,44,750000.00,69570.00
A,3 Year,1A,45,750000.00,73012.00
A,3 Year,1A,46-48,750000.00,79272.00
A,3 Year,1A,49,750000.00,87955.00
A,3 Year,1A,50,750000.00,96639.00
A,3 Year,1A,51-53,750000.00,107327.00
A,3 Year,1A,54,750000.00,116086.00
A,3 Year,1A,55,750000.00,125836.00
A,3 Year,1A,56,750000.00,137368.00
A,3 Year,1A,59,750000.00,160826.00
A,3 Year,1A,60,750000.00,170497.00
A,3 Year,1A,61-63,750000.00,183776.00
A,3 Year,1A,64-65,750000.00,178811.00
A,3 Year,1A,66-68,750000.00,204822.00
A,3 Year,1A,69,750000.00,214816.00
A,3 Year,1A,70,750000.00,207552.00
A,3 Year,1A,71-73,750000.00,226365.00
A,3 Year,1A,74-75,750000.00,234006.00
A,3 Year,1A,76-78,750000.00,248459.00
A,3 Year,1A,79,750000.00,255178.00
A,3 Year,1A,80,750000.00,260964.00
A,3 Year,1A,Above 80,750000.00,267943.00
A,3 Year,1A,91days-15yrs,500000.00,29682.00
A,3 Year,1A,16,500000.00,35639.00
A,3 Year,1A,17,500000.00,42696.00
A,3 Year,1A,18-33,500000.00,49659.00
A,3 Year,1A,34,500000.00,52487.00
A,3 Year,1A,35,500000.00,54435.00
A,3 Year,1A,36-43,500000.00,58135.00
A,3 Year,1A,44,500000.00,62127.00
A,3 Year,1A,45,500000.00,65219.00
A,3 Year,1A,46-48,500000.00,70710.00
A,3 Year,1A,49,500000.00,78674.00
A,3 Year,1A,50,500000.00,86151.00
A,3 Year,1A,51-53,500000.00,95738.00
A,3 Year,1A,54,500000.00,103458.00
A,3 Year,1A,55,500000.00,112187.00
A,3 Year,1A,56,500000.00,122531.00
A,3 Year,1A,59,500000.00,143303.00
A,3 Year,1A,60,500000.00,151830.00
A,3 Year,1A,61-63,500000.00,163840.00
A,3 Year,1A,64-65,500000.00,159088.00
A,3 Year,1A,66-68,500000.00,181870.00
A,3 Year,1A,69,500000.00,190800.00
A,3 Year,1A,70,500000.00,183870.00
A,3 Year,1A,71-73,500000.00,201951.00
A,3 Year,1A,74-75,500000.00,209055.00
A,3 Year,1A,76-78,500000.00,221226.00
A,3 Year,1A,79,500000.00,227279.00
A,3 Year,1A,80,500000.00,232563.00
A,3 Year,1A,Above 80,500000.00,239066.00
A,2 Year,1A,91days-16yrs,500000.00,9059.00
A,2 Year,1A,17,500000.00,11301.00
A,2 Year,1A,18-34,500000.00,13794.00
A,2 Year,1A,35,500000.00,15094.00
A,2 Year,1A,34-44,500000.00,16539.00
A,2 Year,1A,45,500000.00,18937.00
A,2 Year,1A,46-49,500000.00,21644.00
A,2 Year,1A,50,500000.00,25850.00
A,2 Year,1A,51-54,500000.00,30256.00
A,2 Year,1A,55,500000.00,34726.00
A,2 Year,1A,56-59,500000.00,39485.00
A,2 Year,1A,60,500000.00,43993.00
A,2 Year,1A,61-64,500000.00,49193.00
A,2 Year,1A,65,500000.00,55355.00
A,2 Year,1A,66-69,500000.00,60729.00
A,2 Year,1A,70,500000.00,62211.00
A,2 Year,1A,71-74,500000.00,66930.00
A,2 Year,1A,75,500000.00,68890.00
A,2 Year,1A,76-79,500000.00,72413.00
A,2 Year,1A,80,500000.00,76312.00
A,2 Year,1A,Above 80,500000.00,78154.00
A,1Year,1A,91days-17yrs,500000.00,4768.00
A,1Year,1A,18-35,500000.00,7259.00
A,1Year,1A,36-45,500000.00,8705.00
A,1Year,1A,46-50,500000.00,11391.00
A,1Year,1A,51-55,500000.00,16066.00
A,1Year,1A,56-60,500000.00,20782.00
A,1Year,1A,61-65,500000.00,25891.00
A,1Year,1A,66-70,500000.00,30574.00
A,1Year,1A,71-75,500000.00,34679.00
A,1Year,1A,76-80,500000.00,38112.00
A,1Year,1A,Above 80,500000.00,41134.00
B,3,1A,15,500000.00,11735.00
B,3,1A,16,500000.00,13818.00
B,3,1A,17,500000.00,15900.00
B,3,1A,18-33,500000.00,18214.00
B,3,1A,34,500000.00,19345.00
B,3,1A,35,500000.00,20477.00
B,3,1A,36-43,500000.00,21734.00
B,3,1A,44,500000.00,23770.00
B,3,1A,45,500000.00,25806.00
B,3,1A,46-48,500000.00,28068.00
B,3,1A,49,500000.00,31660.00
B,3,1A,50,500000.00,35251.00
B,3,1A,51-53,500000.00,39242.00
B,3,1A,54,500000.00,42933.00
B,3,1A,55,500000.00,46624.00
B,3,1A,56-58,500000.00,50725.00
B,3,1A,59,500000.00,54724.00
B,3,1A,60,500000.00,58722.00
B,3,1A,61-63,500000.00,63165.00
B,3,1A,64,500000.00,67163.00
B,3,1A,65,500000.00,71162.00
B,3,1A,66-68,500000.00,75605.00
B,3,1A,69,500000.00,78484.00
B,3,1A,70,500000.00,81363.00
B,3,1A,71-73,500000.00,84561.00
B,3,1A,74,500000.00,87248.00
B,3,1A,75,500000.00,89935.00
B,3,1A,76-78,500000.00,92921.00
B,3,1A,79,500000.00,95285.00
B,3,1A,80,500000.00,97650.00
B,3,1A,Above 80,500000.00,100277.00
B,2 Year,1A,91days-16yrs,500000.00,7963.00
B,2 Year,1A,17,500000.00,7963.00
B,2 Year,1A,18-34,500000.00,10046.00
B,2 Year,1A,35,500000.00,12360.00
B,2 Year,1A,36-44,500000.00,13491.00
B,2 Year,1A,45,500000.00,14748.00
B,2 Year,1A,46-49,500000.00,16784.00
B,2 Year,1A,50,500000.00,19046.00
B,2 Year,1A,51-54,500000.00,22638.00
B,2 Year,1A,55,500000.00,26229.00
B,2 Year,1A,56-59,500000.00,30320.00
B,2 Year,1A,60,500000.00,34421.00
B,2 Year,1A,61-64,500000.00,38419.00
B,2 Year,1A,65,500000.00,42862.00
B,2 Year,1A,66-69,500000.00,46860.00
B,2 Year,1A,70,500000.00,51303.00
B,2 Year,1A,71-74,500000.00,54182.00
B,2 Year,1A,75,500000.00,57381.00
B,2 Year,1A,76-79,500000.00,60068.00
B,2 Year,1A,80,500000.00,65418.00
B,2 Year,1A,Above 80,500000.00,63053.00
B,1Year,1A,91days-17yrs,500000.00,4191.00
B,1Year,1A,18-35,500000.00,6505.00
B,1Year,1A,36-45,500000.00,7762.00
B,1Year,1A,46-50,500000.00,10024.00
B,1Year,1A,51-55,500000.00,14015.00
B,1Year,1A,56-60,500000.00,18116.00
B,1Year,1A,61-65,500000.00,22559.00
B,1Year,1A,66-70,500000.00,27002.00
B,1Year,1A,71-75,500000.00,30200.00
B,1Year,1A,76-80,500000.00,33186.00
B,1Year,1A,Above 80,500000.00,35813.00
C,3,1A,15,500000.00,10330.00
C,3,1A,16,500000.00,12274.00
C,3,1A,17,500000.00,14218.00
C,3,1A,18-33,500000.00,16378.00
C,3,1A,34,500000.00,17361.00
C,3,1A,35,500000.00,18345.00
C,3,1A,36-43,500000.00,19438.00
C,3,1A,44,500000.00,21142.00
C,3,1A,45,500000.00,22846.00
C,3,1A,46-48,500000.00,24740.00
C,3,1A,49,500000.00,27796.00
C,3,1A,50,500000.00,30853.00
C,3,1A,51-53,500000.00,34250.00
C,3,1A,54,500000.00,37459.00
C,3,1A,55,500000.00,40669.00
C,3,1A,56-58,500000.00,44295.00
C,3,1A,59,500000.00,47712.00
C,3,1A,60,500000.00,51189.00
C,3,1A,61-63,500000.00,55052.00
C,3,1A,64,500000.00,58529.00
C,3,1A,65,500000.00,62006.00
C,3,1A,66-68,500000.00,65869.00
C,3,1A,69,500000.00,69373.00
C,3,1A,70,500000.00,70876.00
C,3,1A,71-73,500000.00,73658.00
C,3,1A,74,500000.00,75994.00
C,3,1A,75,500000.00,78331.00
C,3,1A,76-78,500000.00,80827.00
C,3,1A,79,500000.00,82983.00
C,3,1A,80,500000.00,85039.00
C,3,1A,Above 80,500000.00,87039.00
C,2 Year,1A,91days-16yrs,500000.00,7010.00
C,2 Year,1A,17,500000.00,8954.00
C,2 Year,1A,18-34,500000.00,11113.00
C,2 Year,1A,35,500000.00,12097.00
C,2 Year,1A,34-44,500000.00,13190.00
C,2 Year,1A,45,500000.00,14894.00
C,2 Year,1A,46-49,500000.00,16788.00
C,2 Year,1A,50,500000.00,19844.00
C,2 Year,1A,51-54,500000.00,23241.00
C,2 Year,1A,55,500000.00,26450.00
C,2 Year,1A,56-59,500000.00,30016.00
C,2 Year,1A,60,500000.00,33493.00
C,2 Year,1A,61-64,500000.00,37357.00
C,2 Year,1A,65,500000.00,40834.00
C,2 Year,1A,66-69,500000.00,44897.00
C,2 Year,1A,70,500000.00,47200.00
C,2 Year,1A,71-74,500000.00,49962.00
C,2 Year,1A,75,500000.00,52318.00
C,2 Year,1A,76-79,500000.00,54915.00
C,2 Year,1A,80,500000.00,56971.00
C,2 Year,1A,Above 80,500000.00,59255.00
C,1Year,1A,91days-17yrs,500000.00,3689.00
C,1Year,1A,18-35,500000.00,5849.00
C,1Year,1A,36-45,500000.00,6942.00
C,1Year,1A,46-50,500000.00,8836.00
C,1Year,1A,51-55,500000.00,12232.00
C,1Year,1A,56-60,500000.00,15798.00
C,1Year,1A,61-65,500000.00,19661.00
C,1Year,1A,66-70,500000.00,23525.00
C,1Year,1A,71-75,500000.00,26306.00
C,1Year,1A,76-80,500000.00,28902.00
C,1Year,1A,Above 80,500000.00,31187.00
A,3 Year,1A,91days-15yrs,250000.00,25751.00
A,3 Year,1A,16,250000.00,31179.00
A,3 Year,1A,17,250000.00,36607.00
A,3 Year,1A,18-33,250000.00,42639.00
A,3 Year,1A,34,250000.00,44965.00
A,3 Year,1A,35,250000.00,46624.00
A,3 Year,1A,36-43,250000.00,49986.00
A,3 Year,1A,44,250000.00,53490.00
A,3 Year,1A,45,250000.00,57104.00
A,3 Year,1A,46-48,250000.00,61100.00
A,3 Year,1A,49,250000.00,67745.00
A,3 Year,1A,50,250000.00,74745.00
A,3 Year,1A,51-53,250000.00,83102.00
A,3 Year,1A,54,250000.00,89905.00
A,3 Year,1A,55,250000.00,97494.00
A,3 Year,1A,56,250000.00,106290.00
A,3 Year,1A,59,250000.00,123946.00
A,3 Year,1A,60,250000.00,131491.00
A,3 Year,1A,61-63,250000.00,141863.00
A,3 Year,1A,64-65,250000.00,139730.00
A,3 Year,1A,66-68,250000.00,159730.00
A,3 Year,1A,69,250000.00,167548.00
A,3 Year,1A,70,250000.00,162009.00
A,3 Year,1A,71-73,250000.00,175507.00
A,3 Year,1A,74-75,250000.00,181657.00
A,3 Year,1A,76-78,250000.00,192697.00
A,3 Year,1A,79,250000.00,197597.00
A,3 Year,1A,80,250000.00,202421.00
A,3 Year,1A,Above 80,250000.00,207824.00
A,3 Year,1A,91days-15yrs,200000.00,23623.00
A,3 Year,1A,16,200000.00,28150.00
A,3 Year,1A,17,200000.00,32623.00
A,3 Year,1A,18-33,200000.00,38452.00
A,3 Year,1A,34,200000.00,40756.00
A,3 Year,1A,35,200000.00,42301.00
A,3 Year,1A,36-43,200000.00,45220.00
A,3 Year,1A,44,200000.00,48560.00
A,3 Year,1A,45,200000.00,51899.00
A,3 Year,1A,46-48,200000.00,55069.00
A,3 Year,1A,49,200000.00,61856.00
A,3 Year,1A,50,200000.00,68108.00
A,3 Year,1A,51-53,200000.00,75893.00
A,3 Year,1A,54,200000.00,81984.00
A,3 Year,1A,55,200000.00,88844.00
A,3 Year,1A,56,200000.00,96795.00
A,3 Year,1A,59,200000.00,112826.00
A,3 Year,1A,60,200000.00,119658.00
A,3 Year,1A,61-63,200000.00,129146.00
A,3 Year,1A,64-65,200000.00,127740.00
A,3 Year,1A,66-68,200000.00,146034.00
A,3 Year,1A,69,200000.00,153413.00
A,3 Year,1A,70,200000.00,148403.00
A,3 Year,1A,71-73,200000.00,159764.00
A,3 Year,1A,74-75,200000.00,165767.00
A,3 Year,1A,76-78,200000.00,175392.00
A,3 Year,1A,79,200000.00,179892.00
A,3 Year,1A,80,200000.00,184392.00
A,3 Year,1A,Above 80,200000.00,189144.00
A,3 Year,1A,91days-15yrs,150000.00,21096.00
A,3 Year,1A,16,150000.00,25143.00
A,3 Year,1A,17,150000.00,28731.00
A,3 Year,1A,18-33,150000.00,34358.00
A,3 Year,1A,34,150000.00,34616.00
A,3 Year,1A,35,150000.00,36040.00
A,3 Year,1A,36-43,150000.00,40303.00
A,3 Year,1A,44,150000.00,43300.00
A,3 Year,1A,45,150000.00,46355.00
A,3 Year,1A,46-48,150000.00,49866.00
A,3 Year,1A,49,150000.00,55241.00
A,3 Year,1A,50,150000.00,60815.00
A,3 Year,1A,51-53,150000.00,67718.00
A,3 Year,1A,54,150000.00,73168.00
A,3 Year,1A,55,150000.00,79329.00
A,3 Year,1A,56,150000.00,86369.00
A,3 Year,1A,59,150000.00,100122.00
A,3 Year,1A,60,150000.00,106051.00
A,3 Year,1A,61-63,150000.00,114320.00
A,3 Year,1A,64-65,150000.00,113612.00
A,3 Year,1A,66-68,150000.00,130012.00
A,3 Year,1A,69,150000.00,136476.00
A,3 Year,1A,70,150000.00,132506.00
A,3 Year,1A,71-73,150000.00,142651.00
A,3 Year,1A,74-75,150000.00,147800.00
A,3 Year,1A,76-78,150000.00,156604.00
A,3 Year,1A,79,150000.00,160856.00
A,3 Year,1A,80,150000.00,164497.00
A,3 Year,1A,Above 80,150000.00,168882.00
A,3 Year,1A,91days-15yrs,100000.00,16495.00
A,3 Year,1A,16,100000.00,19909.00
A,3 Year,1A,17,100000.00,23463.00
A,3 Year,1A,18-33,100000.00,27383.00
A,3 Year,1A,34,100000.00,28934.00
A,3 Year,1A,35,100000.00,30232.00
A,3 Year,1A,36-43,100000.00,32313.00
A,3 Year,1A,44,100000.00,34300.00
A,3 Year,1A,45,100000.00,37534.00
A,3 Year,1A,46-48,100000.00,40435.00
A,3 Year,1A,49,100000.00,45247.00
A,3 Year,1A,50,100000.00,50054.00
A,3 Year,1A,51-53,100000.00,55068.00
A,3 Year,1A,54,100000.00,60625.00
A,3 Year,1A,55,100000.00,65846.00
A,3 Year,1A,56,100000.00,71796.00
A,3 Year,1A,59,100000.00,83292.00
A,3 Year,1A,60,100000.00,88237.00
A,3 Year,1A,61-63,100000.00,95195.00
A,3 Year,1A,64-65,100000.00,99499.00
A,3 Year,1A,66-68,100000.00,110822.00
A,3 Year,1A,69,100000.00,116318.00
A,3 Year,1A,70,100000.00,114911.00
A,3 Year,1A,71-73,100000.00,119508.00
A,3 Year,1A,74-75,100000.00,123999.00
A,3 Year,1A,76-78,100000.00,131333.00
A,3 Year,1A,79,100000.00,137071.00
A,3 Year,1A,80,100000.00,138022.00
A,3 Year,1A,Above 80,100000.00,141738.00
A,3 Year,1A,91days-15yrs,50000.00,13350.00
A,3 Year,1A,16,50000.00,15590.00
A,3 Year,1A,17,50000.00,17835.00
A,3 Year,1A,18-33,50000.00,22703.00
A,3 Year,1A,34,50000.00,22921.00
A,3 Year,1A,35,50000.00,24033.00
A,3 Year,1A,36-43,50000.00,24373.00
A,3 Year,1A,44,50000.00,24830.00
A,3 Year,1A,45,50000.00,26146.00
A,3 Year,1A,46-48,50000.00,31986.00
A,3 Year,1A,49,50000.00,35085.00
A,3 Year,1A,50,50000.00,40309.00
A,3 Year,1A,51-53,50000.00,43984.00
A,3 Year,1A,54,50000.00,49208.00
A,3 Year,1A,55,50000.00,53473.00
A,3 Year,1A,56,50000.00,58275.00
A,3 Year,1A,59,50000.00,66383.00
A,3 Year,1A,60,50000.00,70491.00
A,3 Year,1A,61-63,50000.00,75873.00
A,3 Year,1A,64-65,50000.00,80499.00
A,3 Year,1A,66-68,50000.00,89489.00
A,3 Year,1A,69,50000.00,94499.00
A,3 Year,1A,70,50000.00,98011.00
A,3 Year,1A,71-73,50000.00,97401.00
A,3 Year,1A,74-75,50000.00,103311.00
A,3 Year,1A,76-78,50000.00,108714.00
A,3 Year,1A,79,50000.00,112701.00
A,3 Year,1A,80,50000.00,121153.00
A,3 Year,1A,Above 80,50000.00,15174.00
